{"cameraMode":{"drawMode":0,"name":"Shaded","section":"Shading Mode"},"sceneLighting":true,"audioPlay":false,"sceneViewState":{"m_AlwaysRefresh":false,"showFog":true,"showSkybox":true,"showFlares":true,"showImageEffects":true,"showParticleSystems":true,"showVisualEffectGraphs":true,"m_FxEnabled":true},"in2DMode":false,"pivot":{"x":-0.06000041961669922,"y":-6.510000228881836,"z":9.403753280639649},"rotation":{"x":0.33920034766197207,"y":-0.03780575469136238,"z":0.013692360371351242,"w":0.9400038123130798},"size":10.898701667785645,"orthographic":false}