{"cameraMode":{"drawMode":0,"name":"Shaded","section":"Shading Mode"},"sceneLighting":true,"audioPlay":false,"sceneViewState":{"m_AlwaysRefresh":false,"showFog":true,"showSkybox":true,"showFlares":true,"showImageEffects":true,"showParticleSystems":true,"showVisualEffectGraphs":true,"m_FxEnabled":true},"in2DMode":false,"pivot":{"x":1.7899999618530274,"y":0.7300000190734863,"z":7.980000019073486},"rotation":{"x":0.6295081973075867,"y":-0.0009413688676431775,"z":0.000762634736020118,"w":0.7771680355072022},"size":25.941471099853517,"orthographic":false}